"Mode","VTT_EuroPerHour","VAT_EuroPerHour"
"Car",-7.70900175913728,-38.3877646861985
"Bus",-14.4194657033752,-17.2642909157834
"Air",-36.6994577714517,-19.9172343083852
"Rail",-21.5280470552093,-18.9901463171972
