"Mode","VTT_EuroPerHour","VAT_EuroPerHour"
"Car",-13.4939669539737,-32.8278357394237
"Bus",-14.1571167752699,-15.8334938274426
"Air",-20.0518094758233,-23.4294222385964
"Rail",-6.50807140710092,-21.1077933698386
