"Mode","VTT_EuroPerHour","VAT_EuroPerHour"
"Car",-10.9381420026212,-24.8651600561915
"Bus",-17.5774533513662,-24.8651600561915
"Air",-21.0987502555041,-24.8651600561915
"Rail",-3.44434092582881,-24.8651600561915
